{"stat.pickup.minecraft.bone":3,"stat.useItem.minecraft.iron_axe":243,"stat.mineBlock.minecraft.cobblestone":4,"stat.pickup.minecraft.flint":1,"stat.mineBlock.minecraft.yellow_flower":6,"stat.craftItem.minecraft.iron_axe":2,"stat.craftItem.minecraft.wool":3,"stat.pickup.minecraft.dark_oak_boat":2,"stat.swimOneCm":8491,"stat.pickup.minecraft.glowstone_dust":2,"stat.pickup.minecraft.porkchop":62,"stat.useItem.minecraft.dirt":36,"stat.useItem.minecraft.stone_slab2":17,"stat.pickup.minecraft.bow":1,"stat.useItem.minecraft.water_bucket":3,"stat.pickup.minecraft.rotten_flesh":6,"stat.craftItem.minecraft.dark_oak_door":3,"stat.craftItem.minecraft.furnace":1,"stat.craftItem.minecraft.stone_axe":1,"stat.craftItem.minecraft.iron_boots":1,"stat.craftItem.minecraft.stone_pickaxe":2,"stat.killEntity.Enderman":1,"stat.pickup.minecraft.cobblestone":310,"stat.flyOneCm":254148,"stat.mineBlock.minecraft.sand":1,"stat.killEntity.Witch":1,"stat.drop.minecraft.wheat_seeds":1,"stat.mineBlock.minecraft.iron_ore":57,"stat.timeSinceDeath":79380,"stat.useItem.minecraft.iron_pickaxe":287,"stat.craftItem.minecraft.wooden_pickaxe":1,"stat.craftItem.minecraft.bed":1,"stat.furnaceInteraction":38,"stat.useItem.minecraft.cooked_porkchop":13,"stat.killEntity.ZombieVillager":1,"stat.mineBlock.minecraft.coal_ore":116,"stat.pickup.minecraft.string":1,"stat.pickup.minecraft.beef":40,"stat.pickup.minecraft.furnace":3,"stat.craftItem.minecraft.stone_slab2":0,"stat.sprintOneCm":151767,"stat.craftItem.minecraft.wooden_axe":1,"stat.craftItem.minecraft.stick":32,"stat.useItem.minecraft.dark_oak_door":1,"stat.mineBlock.minecraft.crafting_table":8,"stat.useItem.minecraft.bucket":4,"stat.craftItem.minecraft.dark_oak_boat":1,"stat.drop":1,"stat.playOneMinute":79380,"stat.craftItem.hammertime.itemhammeriron":1,"stat.craftItem.minecraft.iron_pickaxe":2,"stat.pickup.minecraft.iron_block":12,"stat.killEntity.Zombie":7,"stat.craftItem.minecraft.dye":3,"stat.mineBlock.minecraft.gold_ore":16,"stat.mineBlock.minecraft.tallgrass":23,"stat.diveOneCm":18859,"stat.chestOpened":3,"stat.pickup.minecraft.gravel":4,"stat.pickup.minecraft.arrow":3,"stat.craftItem.minecraft.cooked_porkchop":35,"stat.useItem.minecraft.apple":1,"stat.jump":1591,"stat.pickup.minecraft.coal":216,"stat.fallOneCm":32809,"stat.pickup.minecraft.iron_ingot":18,"stat.useItem.minecraft.dark_oak_boat":2,"stat.useItem.minecraft.stone_axe":49,"stat.crouchOneCm":682,"stat.pickup.minecraft.spider_eye":1,"stat.craftItem.minecraft.torch":30,"stat.craftItem.minecraft.iron_ingot":184,"stat.craftItem.minecraft.chest":1,"stat.pickup.minecraft.dirt":38,"stat.craftItem.minecraft.iron_helmet":1,"stat.craftingTableInteraction":28,"stat.pickup.minecraft.iron_ore":76,"stat.boatOneCm":124314,"stat.pickup.minecraft.gold_ore":16,"stat.mineBlock.minecraft.leaves2":5,"stat.mineBlock.minecraft.log2":100,"stat.damageTaken":808,"stat.pickup.minecraft.leather":26,"stat.mineBlock.minecraft.torch":2,"stat.mineBlock.minecraft.furnace":3,"stat.mineBlock.minecraft.red_flower":7,"stat.useItem.minecraft.wooden_pickaxe":12,"stat.pickup.minecraft.log2":133,"stat.pickup.minecraft.bed":1,"stat.pickup.minecraft.wheat_seeds":1,"stat.mineBlock.minecraft.gravel":5,"stat.useItem.minecraft.stone_pickaxe":153,"stat.craftItem.minecraft.iron_leggings":1,"stat.damageDealt":8052,"stat.sleepInBed":1,"stat.killEntity.Cow":20,"stat.mineBlock.minecraft.dirt":26,"stat.killEntity.Pig":25,"stat.walkOneCm":220879,"stat.useItem.minecraft.torch":27,"stat.pickup.minecraft.crafting_table":8,"stat.useItem.minecraft.cobblestone":87,"stat.craftItem.minecraft.crafting_table":1,"stat.pickup.minecraft.stone":53,"stat.craftItem.minecraft.iron_chestplate":1,"stat.pickup.minecraft.ender_pearl":1,"stat.pickup.minecraft.apple":1,"stat.mineBlock.minecraft.iron_block":5,"stat.killEntity.Skeleton":3,"stat.craftItem.minecraft.bucket":1,"stat.craftItem.minecraft.planks":100,"stat.killEntity.Spider":2,"stat.mobKills":61,"stat.craftItem.minecraft.shears":1,"stat.mineBlock.minecraft.leaves":6,"stat.pickup.minecraft.torch":2,"stat.pickup.minecraft.red_flower":7,"stat.sneakTime":188,"stat.pickup.minecraft.wool":18,"stat.useItem.minecraft.wooden_axe":34,"stat.pickup.minecraft.yellow_flower":4,"stat.mineBlock.minecraft.stone":222}