{"stat.pickup.minecraft.bone":6,"stat.useItem.minecraft.iron_axe":256,"stat.mineBlock.minecraft.cobblestone":5,"stat.pickup.minecraft.flint":1,"stat.mineBlock.minecraft.yellow_flower":6,"stat.craftItem.minecraft.iron_axe":3,"stat.craftItem.minecraft.wool":3,"stat.pickup.minecraft.dark_oak_boat":2,"stat.swimOneCm":30426,"stat.pickup.minecraft.glowstone_dust":2,"stat.pickup.minecraft.cooked_porkchop":3,"stat.pickup.minecraft.porkchop":62,"stat.useItem.minecraft.dirt":49,"stat.useItem.minecraft.stone_slab2":26,"stat.pickup.minecraft.bow":1,"stat.useItem.minecraft.water_bucket":25,"stat.pickup.minecraft.rotten_flesh":6,"stat.craftItem.minecraft.dark_oak_door":3,"stat.craftItem.minecraft.furnace":2,"stat.craftItem.minecraft.stone_axe":1,"stat.craftItem.minecraft.iron_boots":1,"stat.useItem.minecraft.iron_ore":1,"stat.craftItem.minecraft.stone_pickaxe":2,"stat.killEntity.Enderman":1,"stat.pickup.minecraft.cobblestone":1751,"stat.flyOneCm":438367,"stat.mineBlock.minecraft.sand":1,"stat.killEntity.Witch":1,"stat.drop.minecraft.wheat_seeds":1,"stat.pickup.minecraft.redstone":26,"stat.mineBlock.minecraft.iron_ore":59,"stat.timeSinceDeath":14770,"stat.useItem.minecraft.iron_pickaxe":366,"stat.craftItem.minecraft.wooden_pickaxe":1,"stat.craftItem.minecraft.bed":1,"stat.furnaceInteraction":50,"stat.useItem.minecraft.cooked_porkchop":18,"stat.killEntity.ZombieVillager":1,"stat.mineBlock.minecraft.coal_ore":139,"stat.mineBlock.minecraft.nether_brick":3,"stat.killEntity.Creeper":1,"stat.pickup.minecraft.nether_brick":2,"stat.pickup.minecraft.string":1,"stat.pickup.minecraft.beef":40,"stat.pickup.minecraft.furnace":4,"stat.entityKilledBy.Skeleton":1,"stat.craftItem.minecraft.stone_slab2":0,"stat.sprintOneCm":248256,"stat.craftItem.minecraft.wooden_axe":1,"stat.craftItem.minecraft.stick":128,"stat.useItem.minecraft.dark_oak_door":1,"stat.mineBlock.minecraft.crafting_table":9,"stat.useItem.minecraft.bucket":35,"stat.craftItem.minecraft.dark_oak_boat":1,"stat.deaths":3,"stat.drop":1,"stat.playOneMinute":128880,"stat.craftItem.hammertime.itemhammeriron":6,"stat.craftItem.minecraft.iron_pickaxe":3,"stat.pickup.minecraft.iron_block":12,"stat.killEntity.Zombie":7,"stat.craftItem.minecraft.dye":3,"stat.mineBlock.minecraft.gold_ore":16,"stat.mineBlock.minecraft.tallgrass":25,"stat.pickup.minecraft.netherrack":38,"stat.diveOneCm":20272,"stat.chestOpened":26,"stat.useItem.minecraft.stone":9,"stat.mineBlock.minecraft.netherrack":8,"stat.pickup.minecraft.gravel":4,"stat.pickup.minecraft.arrow":3,"stat.craftItem.minecraft.cooked_porkchop":35,"stat.useItem.minecraft.apple":1,"stat.pickup.minecraft.obsidian":23,"stat.jump":2596,"stat.pickup.minecraft.coal":339,"stat.fallOneCm":54704,"stat.pickup.minecraft.iron_ingot":18,"stat.useItem.minecraft.dark_oak_boat":2,"stat.useItem.minecraft.stone_axe":49,"stat.crouchOneCm":8645,"stat.mineBlock.minecraft.chest":1,"stat.pickup.minecraft.spider_eye":1,"stat.craftItem.minecraft.torch":158,"stat.craftItem.minecraft.iron_ingot":230,"stat.craftItem.minecraft.chest":4,"stat.pickup.minecraft.dirt":58,"stat.craftItem.minecraft.iron_helmet":1,"stat.craftingTableInteraction":36,"stat.pickup.minecraft.iron_ore":131,"stat.boatOneCm":124314,"stat.pickup.minecraft.gold_ore":22,"stat.mineBlock.minecraft.leaves2":5,"stat.mineBlock.minecraft.log2":100,"stat.damageTaken":2202,"stat.pickup.minecraft.leather":26,"stat.mineBlock.minecraft.torch":2,"stat.mineBlock.minecraft.furnace":4,"stat.mineBlock.minecraft.red_flower":7,"stat.useItem.minecraft.wooden_pickaxe":12,"stat.pickup.minecraft.log2":133,"stat.pickup.minecraft.bed":1,"stat.pickup.minecraft.wheat_seeds":1,"stat.mineBlock.minecraft.gravel":5,"stat.useItem.minecraft.stone_pickaxe":153,"stat.craftItem.minecraft.iron_leggings":1,"stat.damageDealt":8573,"stat.sleepInBed":1,"stat.killEntity.Cow":20,"stat.mineBlock.minecraft.dirt":35,"stat.killEntity.Pig":25,"stat.walkOneCm":364027,"stat.useItem.minecraft.torch":50,"stat.useItem.minecraft.chest":1,"stat.pickup.minecraft.crafting_table":9,"stat.useItem.minecraft.cobblestone":159,"stat.craftItem.minecraft.crafting_table":1,"stat.useItem.minecraft.lava_bucket":7,"stat.craftItem.minecraft.gold_ingot":16,"stat.pickup.minecraft.stone":387,"stat.craftItem.minecraft.iron_chestplate":1,"stat.pickup.minecraft.ender_pearl":1,"stat.pickup.minecraft.apple":1,"stat.mineBlock.minecraft.iron_block":5,"stat.killEntity.Skeleton":5,"stat.craftItem.minecraft.bucket":5,"stat.craftItem.minecraft.planks":276,"stat.killEntity.Spider":2,"stat.killEntity.WitherSkeleton":1,"stat.mobKills":65,"stat.craftItem.minecraft.shears":1,"stat.pickup.minecraft.diamond":6,"stat.mineBlock.minecraft.leaves":6,"stat.pickup.minecraft.torch":2,"stat.pickup.minecraft.red_flower":7,"stat.sneakTime":1856,"stat.pickup.minecraft.wool":18,"stat.useItem.minecraft.wooden_axe":34,"stat.pickup.minecraft.yellow_flower":4,"stat.mineBlock.minecraft.stone":264,"stat.pickup.minecraft.chest":1}