{"stat.pickup.minecraft.bone":3,"stat.useItem.minecraft.iron_axe":248,"stat.mineBlock.minecraft.cobblestone":5,"stat.pickup.minecraft.flint":1,"stat.mineBlock.minecraft.yellow_flower":6,"stat.craftItem.minecraft.iron_axe":2,"stat.craftItem.minecraft.wool":3,"stat.pickup.minecraft.dark_oak_boat":2,"stat.swimOneCm":12762,"stat.pickup.minecraft.glowstone_dust":2,"stat.pickup.minecraft.porkchop":62,"stat.useItem.minecraft.dirt":36,"stat.useItem.minecraft.stone_slab2":25,"stat.pickup.minecraft.bow":1,"stat.useItem.minecraft.water_bucket":12,"stat.pickup.minecraft.rotten_flesh":6,"stat.craftItem.minecraft.dark_oak_door":3,"stat.craftItem.minecraft.furnace":2,"stat.craftItem.minecraft.stone_axe":1,"stat.craftItem.minecraft.iron_boots":1,"stat.craftItem.minecraft.stone_pickaxe":2,"stat.killEntity.Enderman":1,"stat.pickup.minecraft.cobblestone":1499,"stat.flyOneCm":288039,"stat.mineBlock.minecraft.sand":1,"stat.killEntity.Witch":1,"stat.drop.minecraft.wheat_seeds":1,"stat.mineBlock.minecraft.iron_ore":58,"stat.timeSinceDeath":104580,"stat.useItem.minecraft.iron_pickaxe":354,"stat.craftItem.minecraft.wooden_pickaxe":1,"stat.craftItem.minecraft.bed":1,"stat.furnaceInteraction":46,"stat.useItem.minecraft.cooked_porkchop":13,"stat.killEntity.ZombieVillager":1,"stat.mineBlock.minecraft.coal_ore":139,"stat.killEntity.Creeper":1,"stat.pickup.minecraft.string":1,"stat.pickup.minecraft.beef":40,"stat.pickup.minecraft.furnace":4,"stat.craftItem.minecraft.stone_slab2":0,"stat.sprintOneCm":179201,"stat.craftItem.minecraft.wooden_axe":1,"stat.craftItem.minecraft.stick":128,"stat.useItem.minecraft.dark_oak_door":1,"stat.mineBlock.minecraft.crafting_table":9,"stat.useItem.minecraft.bucket":12,"stat.craftItem.minecraft.dark_oak_boat":1,"stat.drop":1,"stat.playOneMinute":104580,"stat.craftItem.hammertime.itemhammeriron":4,"stat.craftItem.minecraft.iron_pickaxe":2,"stat.pickup.minecraft.iron_block":12,"stat.killEntity.Zombie":7,"stat.craftItem.minecraft.dye":3,"stat.mineBlock.minecraft.gold_ore":16,"stat.mineBlock.minecraft.tallgrass":23,"stat.diveOneCm":20204,"stat.chestOpened":16,"stat.useItem.minecraft.stone":9,"stat.pickup.minecraft.gravel":4,"stat.pickup.minecraft.arrow":3,"stat.craftItem.minecraft.cooked_porkchop":35,"stat.useItem.minecraft.apple":1,"stat.jump":1950,"stat.pickup.minecraft.coal":339,"stat.fallOneCm":34800,"stat.pickup.minecraft.iron_ingot":18,"stat.useItem.minecraft.dark_oak_boat":2,"stat.useItem.minecraft.stone_axe":49,"stat.crouchOneCm":2260,"stat.mineBlock.minecraft.chest":1,"stat.pickup.minecraft.spider_eye":1,"stat.craftItem.minecraft.torch":158,"stat.craftItem.minecraft.iron_ingot":189,"stat.craftItem.minecraft.chest":4,"stat.pickup.minecraft.dirt":41,"stat.craftItem.minecraft.iron_helmet":1,"stat.craftingTableInteraction":33,"stat.pickup.minecraft.iron_ore":122,"stat.boatOneCm":124314,"stat.pickup.minecraft.gold_ore":22,"stat.mineBlock.minecraft.leaves2":5,"stat.mineBlock.minecraft.log2":100,"stat.damageTaken":1062,"stat.pickup.minecraft.leather":26,"stat.mineBlock.minecraft.torch":2,"stat.mineBlock.minecraft.furnace":4,"stat.mineBlock.minecraft.red_flower":7,"stat.useItem.minecraft.wooden_pickaxe":12,"stat.pickup.minecraft.log2":133,"stat.pickup.minecraft.bed":1,"stat.pickup.minecraft.wheat_seeds":1,"stat.mineBlock.minecraft.gravel":5,"stat.useItem.minecraft.stone_pickaxe":153,"stat.craftItem.minecraft.iron_leggings":1,"stat.damageDealt":8252,"stat.sleepInBed":1,"stat.killEntity.Cow":20,"stat.mineBlock.minecraft.dirt":26,"stat.killEntity.Pig":25,"stat.walkOneCm":293098,"stat.useItem.minecraft.torch":45,"stat.useItem.minecraft.chest":1,"stat.pickup.minecraft.crafting_table":9,"stat.useItem.minecraft.cobblestone":106,"stat.craftItem.minecraft.crafting_table":1,"stat.craftItem.minecraft.gold_ingot":16,"stat.pickup.minecraft.stone":335,"stat.craftItem.minecraft.iron_chestplate":1,"stat.pickup.minecraft.ender_pearl":1,"stat.pickup.minecraft.apple":1,"stat.mineBlock.minecraft.iron_block":5,"stat.killEntity.Skeleton":3,"stat.craftItem.minecraft.bucket":1,"stat.craftItem.minecraft.planks":276,"stat.killEntity.Spider":2,"stat.mobKills":62,"stat.craftItem.minecraft.shears":1,"stat.mineBlock.minecraft.leaves":6,"stat.pickup.minecraft.torch":2,"stat.pickup.minecraft.red_flower":7,"stat.sneakTime":588,"stat.pickup.minecraft.wool":18,"stat.useItem.minecraft.wooden_axe":34,"stat.pickup.minecraft.yellow_flower":4,"stat.mineBlock.minecraft.stone":264,"stat.pickup.minecraft.chest":1}