{"stat.chestOpened":7,"stat.pickup.minecraft.bone":1,"stat.useItem.minecraft.stone":8,"stat.mineBlock.minecraft.netherrack":14,"stat.pickup.minecraft.gravel":11,"stat.leaveGame":3,"stat.pickup.minecraft.iron_sword":1,"stat.mineBlock.minecraft.cobblestone":22,"stat.pickup.minecraft.flint":2,"stat.useItem.minecraft.diamond_sword":48,"stat.drop.minecraft.cooked_porkchop":3,"stat.jump":825,"stat.swimOneCm":20472,"stat.pickup.minecraft.coal":104,"stat.fallOneCm":21696,"stat.pickup.minecraft.iron_ingot":3,"stat.mineBlock.minecraft.web":23,"stat.entityKilledBy.CaveSpider":1,"stat.crouchOneCm":29292,"stat.pickup.minecraft.rail":4,"stat.craftItem.minecraft.torch":40,"stat.craftItem.minecraft.iron_ingot":24,"stat.useItem.minecraft.obsidian":18,"stat.pickup.minecraft.dirt":38,"stat.useItem.minecraft.dirt":11,"stat.pickup.minecraft.red_mushroom":3,"stat.useItem.minecraft.stone_slab2":26,"stat.useItem.minecraft.water_bucket":3,"stat.mineBlock.minecraft.red_mushroom":3,"stat.craftingTableInteraction":16,"stat.pickup.minecraft.iron_ore":191,"stat.craftItem.minecraft.dark_oak_door":3,"stat.craftItem.minecraft.furnace":2,"stat.useItem.minecraft.sapling":11,"stat.pickup.minecraft.gold_ore":16,"stat.craftItem.minecraft.flint_and_steel":1,"stat.mineBlock.minecraft.log2":8,"stat.damageTaken":1953,"stat.pickup.minecraft.name_tag":1,"stat.mineBlock.minecraft.torch":5,"stat.pickup.minecraft.cobblestone":1686,"stat.pickup.minecraft.log2":345,"stat.flyOneCm":127587,"stat.craftItem.hammertime.itemaxewood":1,"stat.pickup.minecraft.wheat_seeds":3,"stat.drop.minecraft.wheat_seeds":1,"stat.mineBlock.minecraft.gravel":8,"stat.damageDealt":1108,"stat.pickup.hammertime.itemhammeriron":1,"stat.timeSinceDeath":4431,"stat.mineBlock.minecraft.dirt":33,"stat.craftItem.minecraft.iron_sword":1,"stat.walkOneCm":221321,"stat.useItem.minecraft.torch":20,"stat.pickup.minecraft.stick":5,"stat.pickup.minecraft.dark_oak_door":1,"stat.pickup.minecraft.crafting_table":1,"stat.useItem.minecraft.cobblestone":185,"stat.craftItem.minecraft.crafting_table":3,"stat.furnaceInteraction":15,"stat.mineBlock.minecraft.rail":1,"stat.useItem.minecraft.cooked_porkchop":5,"stat.pickup.minecraft.string":24,"stat.craftItem.minecraft.diamond_boots":1,"stat.pickup.minecraft.furnace":1,"stat.craftItem.hammertime.itemhammerstone":1,"stat.entityKilledBy.Skeleton":1,"stat.craftItem.minecraft.stone_slab2":0,"stat.pickup.minecraft.stone":204,"stat.craftItem.hammertime.itemhammerdiamond":1,"stat.pickup.minecraft.sapling":13,"stat.sprintOneCm":120198,"stat.craftItem.minecraft.stick":24,"stat.pickup.minecraft.gold_ingot":3,"stat.useItem.minecraft.netherrack":3,"stat.killEntity.Skeleton":1,"stat.useItem.minecraft.dark_oak_door":3,"stat.craftItem.minecraft.planks":32,"stat.useItem.minecraft.iron_sword":27,"stat.craftItem.minecraft.stone":15,"stat.useItem.minecraft.flint_and_steel":1,"stat.mineBlock.minecraft.crafting_table":1,"stat.killEntity.WitherSkeleton":3,"stat.useItem.minecraft.diamond_pickaxe":44,"stat.mobKills":4,"stat.useItem.minecraft.bucket":3,"stat.craftItem.hammertime.itemhammerwood":1,"stat.deaths":5,"stat.pickup.minecraft.diamond":9,"stat.drop":4,"stat.mineBlock.minecraft.leaves":4,"stat.playOneMinute":99205,"stat.pickup.minecraft.torch":24,"stat.craftItem.hammertime.itemhammeriron":1,"stat.sneakTime":7483,"stat.mineBlock.minecraft.stone":11,"stat.mineBlock.minecraft.tallgrass":6,"stat.pickup.minecraft.netherrack":10,"stat.diveOneCm":6241}