{"stats":{"minecraft:picked_up":{"minecraft:stick":25,"minecraft:oak_log":5,"minecraft:rotten_flesh":2,"minecraft:apple":1},"minecraft:mined":{"minecraft:oak_log":5,"minecraft:dead_bush":23,"minecraft:oak_leaves":3},"minecraft:used":{"minecraft:rotten_flesh":2},"minecraft:custom":{"minecraft:jump":225,"minecraft:time_since_rest":5899,"minecraft:damage_taken":20,"minecraft:leave_game":2,"minecraft:play_time":5899,"minecraft:sprint_one_cm":23226,"minecraft:time_since_death":5899,"minecraft:walk_one_cm":23747,"minecraft:sneak_time":1,"minecraft:total_world_time":5899,"minecraft:fall_one_cm":9977,"minecraft:fly_one_cm":50385}},"DataVersion":3465}