{"stat.useItem.minecraft.stone":8,"stat.pickup.minecraft.gravel":2,"stat.leaveGame":2,"stat.pickup.minecraft.iron_sword":1,"stat.mineBlock.minecraft.cobblestone":2,"stat.pickup.minecraft.flint":1,"stat.jump":252,"stat.swimOneCm":12892,"stat.pickup.minecraft.coal":102,"stat.fallOneCm":2823,"stat.pickup.minecraft.iron_ingot":3,"stat.mineBlock.minecraft.web":23,"stat.entityKilledBy.CaveSpider":1,"stat.crouchOneCm":9742,"stat.pickup.minecraft.rail":4,"stat.craftItem.minecraft.torch":8,"stat.craftItem.minecraft.iron_ingot":24,"stat.pickup.minecraft.dirt":38,"stat.useItem.minecraft.dirt":11,"stat.useItem.minecraft.stone_slab2":11,"stat.craftingTableInteraction":14,"stat.pickup.minecraft.iron_ore":186,"stat.craftItem.minecraft.furnace":2,"stat.useItem.minecraft.sapling":11,"stat.pickup.minecraft.gold_ore":16,"stat.mineBlock.minecraft.log2":8,"stat.damageTaken":275,"stat.pickup.minecraft.name_tag":1,"stat.mineBlock.minecraft.torch":4,"stat.pickup.minecraft.cobblestone":1514,"stat.pickup.minecraft.log2":345,"stat.flyOneCm":8211,"stat.craftItem.hammertime.itemaxewood":1,"stat.pickup.minecraft.wheat_seeds":3,"stat.drop.minecraft.wheat_seeds":1,"stat.mineBlock.minecraft.gravel":4,"stat.damageDealt":117,"stat.pickup.hammertime.itemhammeriron":1,"stat.timeSinceDeath":21134,"stat.mineBlock.minecraft.dirt":24,"stat.craftItem.minecraft.iron_sword":1,"stat.walkOneCm":159515,"stat.useItem.minecraft.torch":19,"stat.pickup.minecraft.stick":5,"stat.pickup.minecraft.crafting_table":1,"stat.useItem.minecraft.cobblestone":45,"stat.craftItem.minecraft.crafting_table":2,"stat.furnaceInteraction":15,"stat.mineBlock.minecraft.rail":1,"stat.pickup.minecraft.string":24,"stat.craftItem.minecraft.diamond_boots":1,"stat.pickup.minecraft.furnace":1,"stat.craftItem.hammertime.itemhammerstone":1,"stat.craftItem.minecraft.stone_slab2":0,"stat.pickup.minecraft.stone":203,"stat.craftItem.hammertime.itemhammerdiamond":1,"stat.pickup.minecraft.sapling":13,"stat.sprintOneCm":24730,"stat.craftItem.minecraft.stick":24,"stat.pickup.minecraft.gold_ingot":3,"stat.craftItem.minecraft.planks":20,"stat.useItem.minecraft.iron_sword":27,"stat.craftItem.minecraft.stone":15,"stat.mineBlock.minecraft.crafting_table":1,"stat.useItem.minecraft.diamond_pickaxe":2,"stat.craftItem.hammertime.itemhammerwood":1,"stat.deaths":1,"stat.pickup.minecraft.diamond":9,"stat.drop":1,"stat.playOneMinute":45099,"stat.pickup.minecraft.torch":23,"stat.craftItem.hammertime.itemhammeriron":1,"stat.sneakTime":2631,"stat.mineBlock.minecraft.stone":4,"stat.mineBlock.minecraft.tallgrass":6,"stat.diveOneCm":2716}